{"cameraMode":{"drawMode":0,"name":"Shaded","section":"Shading Mode"},"sceneLighting":false,"audioPlay":false,"sceneViewState":{"showFog":true,"showMaterialUpdate":false,"showSkybox":false,"showFlares":true,"showImageEffects":true,"showParticleSystems":true},"in2DMode":false,"pivot":{"x":-0.2898407280445099,"y":-2.676544666290283,"z":-0.08985233306884766},"rotation":{"x":-0.0026215179823338987,"y":0.9969547986984253,"z":-0.06770696491003037,"w":-0.03860051929950714},"size":5.0659871101379398,"orthographic":false}