{"cameraMode":{"drawMode":0,"name":"Shaded","section":"Shading Mode"},"sceneLighting":false,"audioPlay":false,"sceneViewState":{"showFog":true,"showMaterialUpdate":false,"showSkybox":false,"showFlares":true,"showImageEffects":true,"showParticleSystems":true},"in2DMode":false,"pivot":{"x":0.05837404727935791,"y":-3.3455653190612795,"z":-0.8410367965698242},"rotation":{"x":-0.1079687550663948,"y":-0.048596713691949847,"z":0.005284172482788563,"w":-0.9929525852203369},"size":4.16598653793335,"orthographic":false}