{"cameraMode":{"drawMode":0,"name":"Shaded","section":"Shading Mode"},"sceneLighting":true,"audioPlay":false,"sceneViewState":{"m_AlwaysRefresh":false,"showFog":true,"showSkybox":false,"showFlares":true,"showImageEffects":true,"showParticleSystems":true,"showVisualEffectGraphs":true,"m_FxEnabled":true},"in2DMode":false,"pivot":{"x":486.01214599609377,"y":267.37982177734377,"z":126.29568481445313},"rotation":{"x":-0.015308935195207596,"y":0.003597080707550049,"z":-0.0000550394288438838,"w":-0.9998772740364075},"size":322.2884521484375,"orthographic":false}