{"cameraMode":{"drawMode":0,"name":"Shaded","section":"Shading Mode"},"sceneLighting":true,"audioPlay":false,"sceneViewState":{"m_AlwaysRefresh":false,"showFog":true,"showSkybox":false,"showFlares":true,"showImageEffects":true,"showParticleSystems":true,"showVisualEffectGraphs":true,"m_FxEnabled":true},"in2DMode":false,"pivot":{"x":3.8641605377197267,"y":-0.9760782718658447,"z":0.1711444854736328},"rotation":{"x":-0.11246850341558457,"y":0.042313989251852038,"z":-0.00479375384747982,"w":-0.9927435517311096},"size":8.317895889282227,"orthographic":false}